Doctor,Doctor,Dr,Dr.
Filolog,Filolog
Termen redus,tr,t.r.
Medic,Medic
Post Mortem,post,P.m,P.M.
Invalid,inv,Invalid
Locotenent,Lt,locot,Lt.,Locotenent
Inginer,Ing.,Inginer,Ing
Capitan,Căpitan,Capt,Cap,Capitan,Cpt.,Cp,Cpt
Poet,Poet
Sociolog,Sociolog
Jurist,Jurist,jr
Fizician,Fizician
Protopop,prot,Protopop
Regizor,Regizor
Mitropolit,mitrop,Mitropolit,mitrpolit,mitr
Caporal,Cap.,cpr,Caporal
Maior,Maior.,Mr.,Maior,Mr
Comppozitor,comp,comp.,Compozitor
Brigadier,Brigadier,brig
Colonel,Col.,Colonel,Col
Profesor,Prof,Profesor,prf,Prof.
Pictor,pict,pic,Pictor
Aviator,Av.,Aviator,Av
Sculptor,Sculptor
Atlet,Atlet
Dramaturg,Dramaturg
Cronicar,Cronicar
Artist,Artist
Comandor,Comandor,C-dor
Sublocotenent,sublt,sbt,Slt,Sublocotenent,Slt.,sublct
Arhitect,arh,Arh.,Arhitect
Astronom,Astronom
Sergent,srg,sg,sgt,Serg,Sergent,Serg.,Sg.,Sg
Maresal,Mareşal,mares,Maresal,msal
Actor,ac,Actor
Elev,Elev
Mortem,Mortem
Ziarist,Ziarist
Plutonier,Plutonier,Plt.,Plt,Plut,Plut.
Sector,sector
Major,Maj.,Maj,Major,mj
Preot,pr,Preot
Fruntas,Fruntas,fr,Fruntaş,Frt.,Frt
Publicist,Publicist
General,G-ral,General,Gen.,Gral,Gral.,Gen
Universitar,univ
Soldat,Sold.,Sold,Soldat
Scriitor,Scriitor
Tenor,Tenor
Episcop,Episcop
Erou,Erou,er
Amiral,Amiral
Matematician,mat.,Matematician,mat
